Workbook

Sheet Control
A1: filename | B1: slope | C1: slope_normalized | D1: var_centre | E1: var_edge | F1: var_outside | G1: shift_centre | H1: shift_edge | I1: shift_outside | J1: grad_centre | K1: grad_edge | L1: grad_outside | M1: grad_sobel_centre | N1: grad_sobel_edge | O1: grad_sobel_outside | P1: grad_lap_centre | Q1: grad_lap_edge | R1: grad_lap_outside | S1: max_shift | T1: min_shift | U1: max_shift_centre | V1: min_shift_centre | W1: max_grad | X1: min_grad | Y1: overall_avg_grad | Z1: max_grad_sobel | AA1: min_grad_sobel | AB1: overall_avg_grad_sobel | AC1: max_grad_lap | AD1: min_grad_lap | AE1: overall_avg_grad_lap | AF1: overall_variance | AG1: tabletop_height | AH1: tabletop_floor | AI1: n_centre_pixels | AJ1: n_edge_pixels | AK1: cell_size | AL1: edge_pct | AM1: lw_centre_mean | AN1: lw_centre_min | AO1: lw_centre_max | AP1: lw_edge_mean | AQ1: lw_edge_min | AR1: lw_edge_max | AS1: lw_outside_mean | AT1: lw_outside_min | AU1: lw_outside_max | AV1: lw_sobel_centre | AW1: lw_sobel_edge | AX1: lw_sobel_outside | AY1: lw_sobel_overall
A2: Control1.csv | B2: 2.3730907 | C2: 0.037152725 | D2: 2.8052083 | E2: 4.8704889 | F2: 2.3894121 | G2: 5.8357067 | H2: 5.7618158 | I2: 5.7030803 | J2: 0.063272568 | K2: 0.059618102 | L2: 0.055460722 | M2: 0.15134851 | N2: 0.21455164 | O2: 0.27123219 | P2: 0.10937209 | Q2: 0.096822887 | R2: 0.074738311 | S2: 5.8645281 | T2: 5.6719777 | U2: 5.8645281 | V2: 5.7970643 | W2: 0.1167939 | X2: 0.026022979 | Y2: 0.061785636 | Z2: 0.60563081 | AA2: 0.086030715 | AB2: 0.17260512 | AC2: 0.15282868 | AD2: 0.048887228 | AE2: 0.10424447 | AF2: 3.2957688 | AG2: 5.8368404 | AH2: 5.692068 | AI2: 54 | AJ2: 20 | AK2: 74 | AL2: 0.27027027 | AM2: 0.51525852 | AN2: 0.45116074 | AO2: 0.5580813 | AP2: 0.47444059 | AQ2: 0.41885773 | AR2: 0.52871965 | AS2: 0.42624375 | AT2: 0.39970826 | AU2: 0.4560465 | AV2: 0.042224204 | AW2: 0.061586883 | AX2: 0.056315938 | AY2: 0.0478025
A3: Control10.csv | B3: 1.944329 | C3: 0.036854306 | D3: 1.4556231 | E3: 1.477796 | F3: 1.2297257 | G3: 5.8080918 | H3: 5.7508126 | I3: 5.6913732 | J3: 0.080109827 | K3: 0.081860314 | L3: 0.093706978 | M3: 0.18668921 | N3: 0.24064313 | O3: 0.21510119 | P3: 0.13888593 | Q3: 0.13366934 | R3: 0.15918057 | S3: 5.83053 | T3: 5.6718161 | U3: 5.83053 | V3: 5.7683649 | W3: 0.16924902 | X3: 0.055557477 | Y3: 0.0834568 | Z3: 0.36057055 | AA3: 0.12885822 | AB3: 0.20541148 | AC3: 0.21527612 | AD3: 0.095825595 | AE3: 0.14177823 | AF3: 1.4057622 | AG3: 5.8098972 | AH3: 5.6874075 | AI3: 45 | AJ3: 15 | AK3: 60 | AL3: 0.25 | AM3: 0.54078228 | AN3: 0.51221369 | AO3: 0.579992 | AP3: 0.51230014 | AQ3: 0.46459789 | AR3: 0.55080172 | AS3: 0.48301543 | AT3: 0.43208947 | AU3: 0.53880112 | AV3: 0.040689795 | AW3: 0.065487577 | AX3: 0.091007118 | AY3: 0.056177215
A4: Control11.csv | B4: 1.6173784 | C4: 0.028210545 | D4: 1.9734391 | E4: 2.8350938 | F4: 1.0700989 | G4: 5.8437821 | H4: 5.7641878 | I4: 5.6873686 | J4: 0.055612262 | K4: 0.063583086 | L4: 0.054551805 | M4: 0.1404179 | N4: 0.29836334 | O4: 0.13647428 | P4: 0.094380456 | Q4: 0.087242925 | R4: 0.092638898 | S4: 5.8795165 | T4: 5.6702001 | U4: 5.8795165 | V4: 5.8027089 | W4: 0.11001562 | X4: 0.036300068 | Y4: 0.056998164 | Z4: 0.54380824 | AA4: 0.082839274 | AB4: 0.17283664 | AC4: 0.129404 | AD4: 0.059843627 | AE4: 0.092561847 | AF4: 1.8863414 | AG4: 5.8456746 | AH4: 5.6837747 | AI4: 51 | AJ4: 13 | AK4: 64 | AL4: 0.203125 | AM4: 0.51494762 | AN4: 0.46746055 | AO4: 0.56938884 | AP4: 0.48558548 | AQ4: 0.41206381 | AR4: 0.52227936 | AS4: 0.41305671 | AT4: 0.37882128 | AU4: 0.44934814 | AV4: 0.053096981 | AW4: 0.11439765 | AX4: 0.063762413 | AY4: 0.065173784
A5: Control12.csv | B5: 1.2571608 | C5: 0.020521731 | D5: 2.0184659 | E5: 1.2478705 | F5: 0.8388062 | G5: 5.8618257 | H5: 5.7859049 | I5: 5.7071354 | J5: 0.068511183 | K5: 0.074714755 | L5: 0.073983837 | M5: 0.15655617 | N5: 0.3668185 | O5: 0.16871805 | P5: 0.11879504 | Q5: 0.10912959 | R5: 0.12269259 | S5: 5.8882327 | T5: 5.6842319 | U5: 5.8882327 | V5: 5.8304582 | W5: 0.12330015 | X5: 0.043928824 | Y5: 0.070587522 | Z5: 0.53913005 | AA5: 0.10711056 | AB5: 0.19484971 | AC5: 0.22455549 | AD5: 0.074301927 | AE5: 0.1178691 | AF5: 1.66594 | AG5: 5.86233 | AH5: 5.7047413 | AI5: 56 | AJ5: 10 | AK5: 66 | AL5: 0.15151515 | AM5: 0.51671205 | AN5: 0.46445134 | AO5: 0.55750708 | AP5: 0.45097052 | AQ5: 0.39824201 | AR5: 0.52750857 | AS5: 0.39869138 | AT5: 0.35578506 | AU5: 0.45238002 | AV5: 0.044747665 | AW5: 0.14768404 | AX5: 0.076962338 | AY5: 0.06342154
A6: Control13.csv | B6: 1.8185746 | C6: 0.046007414 | D6: 1.6861901 | E6: 2.0652192 | F6: 4.9925631 | G6: 5.85782 | H6: 5.795116 | I6: 5.7276765 | J6: 0.065695634 | K6: 0.066066046 | L6: 0.092431511 | M6: 0.15611661 | N6: 0.26725188 | O6: 0.17445463 | P6: 0.11306623 | Q6: 0.10317788 | R6: 0.15234384 | S6: 5.8836912 | T6: 5.7066886 | U6: 5.8836912 | V6: 5.834684 | W6: 0.19229651 | X6: 0.042599213 | Y6: 0.071153933 | Z6: 0.43238818 | AA6: 0.096826289 | AB6: 0.19410744 | AC6: 0.27679705 | AD6: 0.074033434 | AE6: 0.11737239 | AF6: 2.5863649 | AG6: 5.8595477 | AH6: 5.7230457 | AI6: 32 | AJ6: 14 | AK6: 46 | AL6: 0.30434783 | AM6: 0.51665347 | AN6: 0.46450612 | AO6: 0.55142912 | AP6: 0.48014198 | AQ6: 0.43367235 | AR6: 0.5212476 | AS6: 0.408404 | AT6: 0.36932274 | AU6: 0.4393167 | AV6: 0.054179354 | AW6: 0.087004611 | AX6: 0.067524122 | AY6: 0.064817004
A7: Control14.csv | B7: 1.7371672 | C7: 0.028464306 | D7: 2.408477 | E7: 4.0618547 | F7: 1.6616292 | G7: 5.8608899 | H7: 5.7783075 | I7: 5.6952815 | J7: 0.061226613 | K7: 0.0718259 | L7: 0.060930862 | M7: 0.15205394 | N7: 0.29086388 | O7: 0.13399787 | P7: 0.10382133 | Q7: 0.11203842 | R7: 0.1113171 | S7: 5.9012046 | T7: 5.6684084 | U7: 5.9012046 | V7: 5.8261235 | W7: 0.16529451 | X7: 0.033795417 | Y7: 0.063418977 | Z7: 0.64041517 | AA7: 0.095009515 | AB7: 0.17988206 | AC7: 0.19637462 | AD7: 0.060728388 | AE7: 0.10683143 | AF7: 2.5257037 | AG7: 5.862727 | AH7: 5.6907318 | AI7: 54 | AJ7: 14 | AK7: 68 | AL7: 0.20588235 | AM7: 0.51900278 | AN7: 0.48097601 | AO7: 0.55769773 | AP7: 0.466073 | AQ7: 0.3907512 | AR7: 0.52895235 | AS7: 0.40317115 | AT7: 0.3792262 | AU7: 0.44442157 | AV7: 0.043706392 | AW7: 0.12272214 | AX7: 0.042168792 | AY7: 0.056934369
A8: Control15.csv | B8: 2.3790007 | C8: 0.04055493 | D8: 2.7485395 | E8: 1.4539582 | F8: 3.5370997 | G8: 5.827455 | H8: 5.7664592 | I8: 5.7030554 | J8: 0.10200498 | K8: 0.11267512 | L8: 0.14064728 | M8: 0.22318165 | N8: 0.3211305 | O8: 0.30030822 | P8: 0.17758939 | Q8: 0.20379299 | R8: 0.23682589 | S8: 5.8667243 | T8: 5.6637725 | U8: 5.8667243 | V8: 5.7933419 | W8: 0.38748129 | X8: 0.0681267 | Y8: 0.11320041 | Z8: 0.79943987 | AA8: 0.15517015 | AB8: 0.26302103 | AC8: 0.6353451 | AD8: 0.11508546 | AE8: 0.19671268 | AF8: 2.7146003 | AG8: 5.8300928 | AH8: 5.7003541 | AI8: 50 | AJ8: 18 | AK8: 68 | AL8: 0.26470588 | AM8: 0.52406334 | AN8: 0.48608585 | AO8: 0.5752564 | AP8: 0.47857422 | AQ8: 0.4178835 | AR8: 0.52169966 | AS8: 0.44738746 | AT8: 0.39224387 | AU8: 0.49423269 | AV8: 0.056570487 | AW8: 0.073288157 | AX8: 0.071032175 | AY8: 0.063187615
A9: Control16.csv | B9: 3.8331332 | C9: 0.088567482 | D9: 0.81449924 | E9: 0.6863472 | F9: 0.095168432 | G9: 5.7642901 | H9: 5.729036 | I9: 5.6928742 | J9: 0.052845959 | K9: 0.057478118 | L9: 0.066924208 | M9: 0.12719796 | N9: 0.16159089 | O9: 0.15700561 | P9: 0.090806896 | Q9: 0.09791114 | R9: 0.12116367 | S9: 5.7818413 | T9: 5.6904528 | U9: 5.7818413 | V9: 5.7465873 | W9: 0.087920967 | X9: 0.0357444 | Y9: 0.055943154 | Z9: 0.29903085 | AA9: 0.091999677 | AB9: 0.14582245 | AC9: 0.1343298 | AD9: 0.068586272 | AE9: 0.095568677 | AF9: 0.70900413 | AG9: 5.7676692 | AH9: 5.6866152 | AI9: 28 | AJ9: 29 | AK9: 57 | AL9: 0.50877193 | AM9: 0.43355272 | AN9: 0.40160702 | AO9: 0.46626867 | AP9: 0.40771015 | AQ9: 0.361397 | AR9: 0.45486045 | AS9: 0.39973763 | AT9: 0.38764885 | AU9: 0.42949087 | AV9: 0.050096406 | AW9: 0.058026945 | AX9: 0.058061004 | AY9: 0.054132437
A10: Control17.csv | B10: 2.289162 | C10: 0.040936117 | D10: 2.6848789 | E10: 1.7463226 | F10: 1.6346996 | G10: 5.808712 | H10: 5.7555572 | I10: 5.6996604 | J10: 0.093995697 | K10: 0.088060052 | L10: 0.090812339 | M10: 0.22345559 | N10: 0.25004019 | O10: 0.22178076 | P10: 0.16045195 | Q10: 0.15050106 | R10: 0.15369728 | S10: 5.8465938 | T10: 5.6767992 | U10: 5.8465938 | V10: 5.7669334 | W10: 0.17547907 | X10: 0.050560594 | Y10: 0.091731237 | Z10: 0.37655852 | AA10: 0.14749566 | AB10: 0.22979311 | AC10: 0.24811091 | AD10: 0.098244276 | AE10: 0.15632248 | AF10: 2.2129476 | AG10: 5.8112105 | AH10: 5.6966444 | AI10: 47 | AJ10: 18 | AK10: 65 | AL10: 0.27692308 | AM10: 0.5131294 | AN10: 0.45181673 | AO10: 0.57036925 | AP10: 0.48724125 | AQ10: 0.4329472 | AR10: 0.524683 | AS10: 0.45234706 | AT10: 0.41003668 | AU10: 0.50261759 | AV10: 0.094459555 | AW10: 0.067640781 | AX10: 0.081664483 | AY10: 0.085675307
A11: Control18.csv | B11: 2.9839681 | C11: 0.075567254 | D11: 1.1794546 | E11: 0.40665981 | F11: 0.56414219 | G11: 5.7490462 | H11: 5.7270958 | I11: 5.7035901 | J11: 0.053930434 | K11: 0.052047149 | L11: 0.048952011 | M11: 0.12633278 | N11: 0.13593342 | O11: 0.11811903 | P11: 0.091582568 | Q11: 0.088694181 | R11: 0.08712038 | S11: 5.7740403 | T11: 5.6903881 | U11: 5.7740403 | V11: 5.7219337 | W11: 0.075825148 | X11: 0.035484981 | Y11: 0.052450554 | Z11: 0.18951232 | AA11: 0.084005996 | AB11: 0.12967898 | AC11: 0.11943058 | AD11: 0.061039897 | AE11: 0.089780307 | AF11: 0.79133338 | AG11: 5.7505825 | AH11: 5.7022877 | AI11: 28 | AJ11: 23 | AK11: 51 | AL11: 0.45098039 | AM11: 0.42589248 | AN11: 0.39571706 | AO11: 0.44751148 | AP11: 0.40792852 | AQ11: 0.38372023 | AR11: 0.43156788 | AS11: 0.39216992 | AT11: 0.37956755 | AU11: 0.4088902 | AV11: 0.038804702 | AW11: 0.028752625 | AX11: 0.021687001 | AY11: 0.032822779
A12: Control3.csv | B12: 2.3340302 | C12: 0.050865134 | D12: 3.6194811 | E12: 2.0220461 | F12: 2.9694736 | G12: 5.8543773 | H12: 5.7810584 | I12: 5.7030869 | J12: 0.063838148 | K12: 0.067336159 | L12: 0.063238916 | M12: 0.15537143 | N12: 0.23596243 | O12: 0.1774738 | P12: 0.11014566 | Q12: 0.10989079 | R12: 0.1065978 | S12: 5.8994734 | T12: 5.6811133 | U12: 5.8994734 | V12: 5.8028333 | W12: 0.10890351 | X12: 0.037039445 | Y12: 0.064830728 | Z12: 0.40694483 | AA12: 0.083110424 | AB12: 0.18607899 | AC12: 0.18616953 | AD12: 0.061136062 | AE12: 0.10936352 | AF12: 3.052835 | AG12: 5.8562275 | AH12: 5.6995515 | AI12: 36 | AJ12: 19 | AK12: 55 | AL12: 0.34545455 | AM12: 0.49170808 | AN12: 0.46383948 | AO12: 0.53082796 | AP12: 0.45406991 | AQ12: 0.40557924 | AR12: 0.53338387 | AS12: 0.38063672 | AT12: 0.34117782 | AU12: 0.41526601 | AV12: 0.041885146 | AW12: 0.079394661 | AX12: 0.051778648 | AY12: 0.05422123
A13: Control4.csv | B13: 1.0737247 | C13: 0.018371643 | D13: 2.8661898 | E13: 7.6086751 | F13: 9.7622797 | G13: 5.8952705 | H13: 5.8160054 | I13: 5.7081857 | J13: 0.1205265 | K13: 0.16393592 | L13: 0.14047954 | M13: 0.27335224 | N13: 0.51078957 | O13: 0.3259805 | P13: 0.21155367 | Q13: 0.26291414 | R13: 0.24824084 | S13: 5.9356541 | T13: 5.6604426 | U13: 5.9356541 | V13: 5.857492 | W13: 0.26370465 | X13: 0.048572264 | Y13: 0.13291872 | Z13: 0.6860197 | AA13: 0.11511863 | AB13: 0.32063039 | AC13: 0.48055748 | AD13: 0.10482578 | AE13: 0.2307494 | AF13: 5.9410231 | AG13: 5.8963718 | AH13: 5.7074023 | AI13: 54 | AJ13: 8 | AK13: 62 | AL13: 0.12903226 | AM13: 0.50148432 | AN13: 0.42966764 | AO13: 0.60901006 | AP13: 0.45926563 | AQ13: 0.40176657 | AR13: 0.50303361 | AS13: 0.39796522 | AT13: 0.30344133 | AU13: 0.48542498 | AV13: 0.065721575 | AW13: 0.12295358 | AX13: 0.10394795 | AY13: 0.084234762
... A18: Control9.csv | B18: 3.2364899 | C18: 0.069879146 | D18: 2.8755786 | E18: 1.0415978 | F18: 4.0837548 | G18: 5.8729554 | H18: 5.7925202 | I18: 5.7077907 | J18: 0.057368938 | K18: 0.055458482 | L18: 0.061153484 | M18: 0.14272821 | N18: 0.21217927 | O18: 0.15534065 | P18: 0.095945274 | Q18: 0.086877606 | R18: 0.089808383 | S18: 5.9136844 | T18: 5.6840767 | U18: 5.9136844 | V18: 5.8380902 | W18: 0.12900469 | X18: 0.037579156 | Y18: 0.057411004 | Z18: 0.33149965 | AA18: 0.084470846 | AB18: 0.17309974 | AC18: 0.15555696 | AD18: 0.052379891 | AE18: 0.091154703 | AF18: 2.569202 | AG18: 5.8774044 | AH18: 5.7016762 | AI18: 33 | AJ18: 26 | AK18: 59 | AL18: 0.44067797 | AM18: 0.49210829 | AN18: 0.4545417 | AO18: 0.53311558 | AP18: 0.44905496 | AQ18: 0.39852829 | AR18: 0.49713902 | AS18: 0.38482155 | AT18: 0.32087385 | AU18: 0.43179618 | AV18: 0.040241599 | AW18: 0.056469167 | AX18: 0.064767274 | AY18: 0.050914598
A20: Mean | B20: =AVERAGE(B2:B18) -> 2.2345936 | C20: =AVERAGE(C2:C18) -> 0.045164699 | D20: =AVERAGE(D2:D18) -> 2.5260617 | E20: =AVERAGE(E2:E18) -> 2.510717 | F20: =AVERAGE(F2:F18) -> 2.82761 | G20: =AVERAGE(G2:G18) -> 5.8390103 | H20: =AVERAGE(H2:H18) -> 5.7708069 | I20: =AVERAGE(I2:I18) -> 5.7003877 | ... AY20: =AVERAGE(AY2:AY18) -> 0.061134307
A21: STD | B21: =_xlfn.STDEV.S(B2:B18) -> 0.74028961 | C21: =_xlfn.STDEV.S(C2:C18) -> 0.020538171 | D21: =_xlfn.STDEV.S(D2:D18) -> 1.2904868 | E21: =_xlfn.STDEV.S(E2:E18) -> 1.823155 | F21: =_xlfn.STDEV.S(F2:F18) -> 2.6668193 | G21: =_xlfn.STDEV.S(G2:G18) -> 0.040500279 | H21: =_xlfn.STDEV.S(H2:H18) -> 0.023714756 | I21: =_xlfn.STDEV.S(I2:I18) -> 0.011013016 | ... AY21: =_xlfn.STDEV.S(AY2:AY18) -> 0.014270209
A22: Min | B22: =MIN(B2:B18) -> 1.0737247 | C22: =MIN(C2:C18) -> 0.018371643 | D22: =MIN(D2:D18) -> 0.81449924 | E22: =MIN(E2:E18) -> 0.40665981 | F22: =MIN(F2:F18) -> 0.095168432 | G22: =MIN(G2:G18) -> 5.7490462 | H22: =MIN(H2:H18) -> 5.7270958 | I22: =MIN(I2:I18) -> 5.6784677 | ... AY22: =MIN(AY2:AY18) -> 0.032822779
A23: Max | B23: =MAX(B2:B18) -> 3.8331332 | C23: =MAX(C2:C18) -> 0.088567482 | D23: =MAX(D2:D18) -> 6.434228 | E23: =MAX(E2:E18) -> 7.6086751 | F23: =MAX(F2:F18) -> 9.7622797 | G23: =MAX(G2:G18) -> 5.8952705 | H23: =MAX(H2:H18) -> 5.8160054 | I23: =MAX(I2:I18) -> 5.7276765 | ... AY23: =MAX(AY2:AY18) -> 0.085675307

Sheet Treated
A1: filename | B1: slope | C1: slope_normalized | D1: var_centre | E1: var_edge | F1: var_outside | G1: shift_centre | H1: shift_edge | I1: shift_outside | J1: grad_centre | K1: grad_edge | L1: grad_outside | M1: grad_sobel_centre | N1: grad_sobel_edge | O1: grad_sobel_outside | P1: grad_lap_centre | Q1: grad_lap_edge | R1: grad_lap_outside | S1: max_shift | T1: min_shift | U1: max_shift_centre | V1: min_shift_centre | W1: max_grad | X1: min_grad | Y1: overall_avg_grad | Z1: max_grad_sobel | AA1: min_grad_sobel | AB1: overall_avg_grad_sobel | AC1: max_grad_lap | AD1: min_grad_lap | AE1: overall_avg_grad_lap | AF1: overall_variance | AG1: tabletop_height | AH1: tabletop_floor | AI1: n_centre_pixels | AJ1: n_edge_pixels | AK1: cell_size | AL1: edge_pct | AM1: lw_centre_mean | AN1: lw_centre_min | AO1: lw_centre_max | AP1: lw_edge_mean | AQ1: lw_edge_min | AR1: lw_edge_max | AS1: lw_outside_mean | AT1: lw_outside_min | AU1: lw_outside_max | AV1: lw_sobel_centre | AW1: lw_sobel_edge | AX1: lw_sobel_outside | AY1: lw_sobel_overall
A2: Treated1.csv | B2: 3.2626486 | C2: 0.085822993 | D2: 4.7516908 | E2: 3.8709707 | F2: 3.5506368 | G2: 5.8245481 | H2: 5.7573733 | I2: 5.6864483 | J2: 0.13206295 | K2: 0.1252492 | L2: 0.11972712 | M2: 0.2847576 | N2: 0.31993453 | O2: 0.25212561 | P2: 0.23432275 | Q2: 0.21458936 | R2: 0.2098715 | S2: 5.872472 | T2: 5.6487457 | U2: 5.872472 | V2: 5.7832968 | W2: 0.25178931 | X2: 0.044605918 | Y2: 0.12614693 | Z2: 0.72401314 | AA2: 0.13330447 | AB2: 0.29368984 | AC2: 0.39505934 | AD2: 0.082283917 | AE2: 0.22007316 | AF2: 4.1049767 | AG2: 5.8308654 | AH2: 5.6808498 | AI2: 25 | AJ2: 26 | AK2: 51 | AL2: 0.50980392 | AM2: 0.4906093 | AN2: 0.42918653 | AO2: 0.63594519 | AP2: 0.44065393 | AQ2: 0.3272242 | AR2: 0.52241961 | AS2: 0.40460527 | AT2: 0.33805958 | AU2: 0.4876072 | AV2: 0.12212593 | AW2: 0.11970005 | AX2: 0.079849339 | AY2: 0.11108864
A3: Treated2.csv | B3: 2.5652353 | C3: 0.071177634 | D3: 5.3378317 | E3: 7.4566324 | F3: 5.0354299 | G3: 5.8011307 | H3: 5.7412708 | I3: 5.6840803 | J3: 0.10726011 | K3: 0.12260361 | L3: 0.10515144 | M3: 0.24678802 | N3: 0.30929229 | O3: 0.24038913 | P3: 0.18667728 | Q3: 0.20629078 | R3: 0.17723037 | S3: 5.8495114 | T3: 5.6315316 | U3: 5.8495114 | V3: 5.7506535 | W3: 0.27857051 | X3: 0.041336774 | Y3: 0.11185801 | Z3: 0.78575372 | AA3: 0.089584961 | AB3: 0.267363 | AC3: 0.48713771 | AD3: 0.068638743 | AE3: 0.19062422 | AF3: 5.832492 | AG3: 5.8039761 | AH3: 5.680287 | AI3: 26 | AJ3: 20 | AK3: 46 | AL3: 0.43478261 | AM3: 0.48216872 | AN3: 0.41567453 | AO3: 0.55202186 | AP3: 0.44896891 | AQ3: 0.36145472 | AR3: 0.58302545 | AS3: 0.40194183 | AT3: 0.34819414 | AU3: 0.57761041 | AV3: 0.088705183 | AW3: 0.12392317 | AX3: 0.0681353 | AY3: 0.092770737
A4: Treated3.csv | B4: 2.4095835 | C4: 0.068759997 | D4: 4.1750047 | E4: 4.9126218 | F4: 4.7161262 | G4: 5.789165 | H4: 5.7397958 | I4: 5.6808341 | J4: 0.10197273 | K4: 0.096153879 | L4: 0.092456906 | M4: 0.27167779 | N4: 0.26489762 | O4: 0.25889513 | P4: 0.17783606 | Q4: 0.15755845 | R4: 0.15794342 | S4: 5.8296808 | T4: 5.6354732 | U4: 5.8296808 | V4: 5.7219899 | W4: 0.20748781 | X4: 0.051511168 | Y4: 0.096851068 | Z4: 0.5718635 | AA4: 0.11266478 | AB4: 0.26543335 | AC4: 0.38623543 | AD4: 0.090198857 | AE4: 0.1644404 | AF4: 4.6234089 | AG4: 5.7928195 | AH4: 5.679827 | AI4: 25 | AJ4: 20 | AK4: 45 | AL4: 0.44444444 | AM4: 0.46398225 | AN4: 0.39251723 | AO4: 0.51979087 | AP4: 0.43994444 | AQ4: 0.38849577 | AR4: 0.47827729 | AS4: 0.41373291 | AT4: 0.35748327 | AU4: 0.55806165 | AV4: 0.090384734 | AW4: 0.060680984 | AX4: 0.11039923 | AY4: 0.088089866
A5: Treated4.csv | B5: 3.3335588 | C5: 0.092372932 | D5: 3.7480665 | E5: 4.6906837 | F5: 1.3337093 | G5: 5.763166 | H5: 5.7196332 | I5: 5.6780696 | J5: 0.09989512 | K5: 0.1121399 | L5: 0.094524339 | M5: 0.24420329 | N5: 0.25307038 | O5: 0.22627348 | P5: 0.17690147 | Q5: 0.19524821 | R5: 0.16087363 | S5: 5.793833 | T5: 5.6427905 | U5: 5.793833 | V5: 5.698496 | W5: 0.2048195 | X5: 0.039164341 | Y5: 0.10393675 | Z5: 0.37294143 | AA5: 0.11165336 | AB5: 0.24429184 | AC5: 0.36855319 | AD5: 0.092498116 | AE5: 0.18119532 | AF5: 3.3956335 | AG5: 5.7673946 | AH5: 5.6740858 | AI5: 23 | AJ5: 27 | AK5: 50 | AL5: 0.54 | AM5: 0.4625867 | AN5: 0.41296737 | AO5: 0.52287856 | AP5: 0.4244972 | AQ5: 0.37627292 | AR5: 0.50477635 | AS5: 0.39931375 | AT5: 0.35385804 | AU5: 0.46307637 | AV5: 0.049436624 | AW5: 0.050465689 | AX5: 0.081400657 | AY5: 0.057961599
A6: Treated5.csv | B6: 4.0774262 | C6: 0.10275151 | D6: 2.1372644 | E6: 6.8661109 | F6: 6.6555786 | G6: 5.8132625 | H6: 5.7580853 | I6: 5.7014716 | J6: 0.086474064 | K6: 0.099130216 | L6: 0.10204358 | M6: 0.22109596 | N6: 0.2636357 | O6: 0.23667459 | P6: 0.14510219 | Q6: 0.16585642 | R6: 0.17818265 | S6: 5.8447445 | T6: 5.6568267 | U6: 5.8447445 | V6: 5.7879777 | W6: 0.16061953 | X6: 0.049607796 | Y6: 0.096469806 | Z6: 0.49313872 | AA6: 0.11306854 | AB6: 0.24561338 | AC6: 0.29390454 | AD6: 0.083874069 | AE6: 0.16323771 | AF6: 5.4288728 | AG6: 5.8181067 | AH6: 5.6970324 | AI6: 23 | AJ6: 33 | AK6: 56 | AL6: 0.58928571 | AM6: 0.47688107 | AN6: 0.42583422 | AO6: 0.52335877 | AP6: 0.44686361 | AQ6: 0.36575869 | AR6: 0.53178918 | AS6: 0.39522897 | AT6: 0.36088325 | AU6: 0.47660328 | AV6: 0.089750292 | AW6: 0.093794849 | AX6: 0.064972148 | AY6: 0.085252767
A7: Treated6.csv | B7: 3.099328 | C7: 0.061525506 | D7: 7.7724346 | E7: 6.1065602 | F7: 5.1365107 | G7: 5.8246415 | H7: 5.7596614 | I7: 5.6963431 | J7: 0.10022409 | K7: 0.091567361 | L7: 0.094027016 | M7: 0.23715424 | N7: 0.26160173 | O7: 0.22326455 | P7: 0.17124213 | Q7: 0.15748616 | R7: 0.1556166 | S7: 5.9171744 | T7: 5.5995712 | U7: 5.9171744 | V7: 5.7346053 | W7: 0.24929581 | X7: 0.044061928 | Y7: 0.095544663 | Z7: 0.55100854 | AA7: 0.10738334 | AB7: 0.23988112 | AC7: 0.34049384 | AD7: 0.069521721 | AE7: 0.16184626 | AF7: 6.3749932 | AG7: 5.8282738 | AH7: 5.6927087 | AI7: 38 | AJ7: 25 | AK7: 63 | AL7: 0.3968254 | AM7: 0.48509813 | AN7: 0.43334779 | AO7: 0.541669 | AP7: 0.44373819 | AQ7: 0.37859941 | AR7: 0.5011401 | AS7: 0.39406094 | AT7: 0.35113651 | AU7: 0.45863221 | AV7: 0.060488388 | AW7: 0.083743679 | AX7: 0.074665473 | AY7: 0.071451307
A8: Treated7.csv | B8: 2.0970713 | C8: 0.042220513 | D8: 1.6603995 | E8: 1.9008998 | F8: 1.1392138 | G8: 5.800841 | H8: 5.7390309 | I8: 5.6804189 | J8: 0.071726551 | K8: 0.066077384 | L8: 0.058747787 | M8: 0.16125124 | N8: 0.22617963 | O8: 0.13620847 | P8: 0.12496477 | Q8: 0.10598556 | R8: 0.097349929 | S8: 5.8238217 | T8: 5.6552346 | U8: 5.8238217 | V8: 5.7703364 | W8: 0.10638632 | X8: 0.033760714 | Y8: 0.065422016 | Z8: 0.41570205 | AA8: 0.080824366 | AB8: 0.16668304 | AC8: 0.16829256 | AD8: 0.067041665 | AE8: 0.11014753 | AF8: 1.4865656 | AG8: 5.8024036 | AH8: 5.6791406 | AI8: 41 | AJ8: 18 | AK8: 59 | AL8: 0.30508475 | AM8: 0.49040704 | AN8: 0.43560991 | AO8: 0.53213332 | AP8: 0.45599171 | AQ8: 0.39061065 | AR8: 0.5405644 | AS8: 0.40767429 | AT8: 0.37319726 | AU8: 0.45041785 | AV8: 0.054825716 | AW8: 0.085868776 | AX8: 0.050648687 | AY8: 0.058949922
A10: Mean | B10: =AVERAGE(B2:B8) -> 2.977836 | C10: =AVERAGE(C2:C8) -> 0.074947298 | D10: =AVERAGE(D2:D8) -> 4.2260989 | E10: =AVERAGE(E2:E8) -> 5.1149256 | F10: =AVERAGE(F2:F8) -> 3.9381722 | G10: =AVERAGE(G2:G8) -> 5.8023935 | H10: =AVERAGE(H2:H8) -> 5.7449787 | I10: =AVERAGE(I2:I8) -> 5.6868094 | ... AY10: =AVERAGE(AY2:AY8) -> 0.080794977
A11: STD | B11: =_xlfn.STDEV.S(B2:B8) -> 0.67087162 | C11: =_xlfn.STDEV.S(C2:C8) -> 0.020407056 | D11: =_xlfn.STDEV.S(D2:D8) -> 2.0520665 | E11: =_xlfn.STDEV.S(E2:E8) -> 1.898766 | F11: =_xlfn.STDEV.S(F2:F8) -> 2.0573882 | G11: =_xlfn.STDEV.S(G2:G8) -> 0.021686121 | H11: =_xlfn.STDEV.S(H2:H8) -> 0.014487772 | I11: =_xlfn.STDEV.S(I2:I8) -> 0.0088164363 | ... AY11: =_xlfn.STDEV.S(AY2:AY8) -> 0.019235757
A12: Min | B12: =MIN(B2:B8) -> 2.0970713 | C12: =MIN(C2:C8) -> 0.042220513 | D12: =MIN(D2:D8) -> 1.6603995 | E12: =MIN(E2:E8) -> 1.9008998 | F12: =MIN(F2:F8) -> 1.1392138 | G12: =MIN(G2:G8) -> 5.763166 | H12: =MIN(H2:H8) -> 5.7196332 | I12: =MIN(I2:I8) -> 5.6780696 | ... AY12: =MIN(AY2:AY8) -> 0.057961599
A13: Max | B13: =MAX(B2:B8) -> 4.0774262 | C13: =MAX(C2:C8) -> 0.10275151 | D13: =MAX(D2:D8) -> 7.7724346 | E13: =MAX(E2:E8) -> 7.4566324 | F13: =MAX(F2:F8) -> 6.6555786 | G13: =MAX(G2:G8) -> 5.8246415 | H13: =MAX(H2:H8) -> 5.7596614 | I13: =MAX(I2:I8) -> 5.7014716 | ... AY13: =MAX(AY2:AY8) -> 0.11108864

Sheet Feature Analysis
A1: Category | B1: min_shift | C1: n_centre_pixels | D1: edge_pct | E1: lw_centre_min | F1: lw_edge_min | G1: min_shift_centre | H1: slope_normalized | I1: grad_sobel_centre | J1: var_edge | K1: shift_outside | L1: shift_edge | M1: tabletop_floor | N1: lw_sobel_centre | O1: grad_centre | P1: grad_lap_centre | Q1: cell_size | R1: n_edge_pixels | S1: lw_sobel_overall | T1: shift_centre | U1: overall_variance | V1: tabletop_height | W1: slope | X1: lw_centre_mean | Y1: var_centre | Z1: overall_avg_grad | AA1: overall_avg_grad_lap | AB1: grad_lap_edge | AC1: overall_avg_grad_sobel | AD1: lw_edge_mean | AE1: max_grad_lap | AF1: lw_outside_max | AG1: grad_edge | AH1: max_grad | AI1: lw_sobel_outside | AJ1: max_shift | AK1: max_shift_centre | AL1: lw_outside_min | AM1: grad_lap_outside | AN1: grad_outside | AO1: lw_outside_mean | AP1: var_outside | AQ1: max_grad_sobel | AR1: grad_sobel_outside | AS1: min_grad_lap | AT1: lw_edge_max | AU1: lw_centre_max | AV1: min_grad | AW1: lw_sobel_edge | AX1: grad_sobel_edge | AY1: min_grad_sobel
A2: Mean Dif | B2: =ABS(Treated!T10-Control!T20) -> 0.036185712 | C2: =ABS(Treated!AI10-Control!AI20) -> 14.521008 | D2: =ABS(Treated!AL10-Control!AL20) -> 0.16295526 | E2: =ABS(Treated!AN10-Control!AN20) -> 0.036156927 | F2: =ABS(Treated!AQ10-Control!AQ20) -> 0.03681266 | G2: =ABS(Treated!V10-Control!V20) -> 0.052835566 | H2: =ABS(Treated!C10-Control!C20) -> 0.029782599 | I2: =ABS(Treated!M10-Control!M20) -> 0.062520049 | J2: =ABS(Treated!E10-Control!E20) -> 2.6042086 | K2: =ABS(Treated!I10-Control!I20) -> 0.013578255 | L2: =ABS(Treated!H10-Control!H20) -> 0.025828213 | M2: =ABS(Treated!AH10-Control!AH20) -> 0.012545635 | N2: =ABS(Treated!AV10-Control!AV20) -> 0.02683305 | O2: =ABS(Treated!J10-Control!J20) -> 0.025225078 | P2: =ABS(Treated!P10-Control!P20) -> 0.045062403 | Q2: =ABS(Treated!AK10-Control!AK20) -> 8.0840336 | R2: =ABS(Treated!AJ10-Control!AJ20) -> 6.4369748 | S2: =ABS(Treated!AY10-Control!AY20) -> 0.01966067 | T2: =ABS(Treated!G10-Control!G20) -> 0.036616789 | U2: =ABS(Treated!AF10-Control!AF20) -> 1.8232873 | V2: =ABS(Treated!AG10-Control!AG20) -> 0.034962684 | W2: =ABS(Treated!B10-Control!B20) -> 0.74324234 | X2: =ABS(Treated!AM10-Control!AM20) -> 0.024225292 | Y2: =ABS(Treated!D10-Control!D20) -> 1.7000371 | Z2: =ABS(Treated!Y10-Control!Y20) -> 0.02227459 | AA2: =ABS(Treated!AE10-Control!AE20) -> 0.039746909 | AB2: =ABS(Treated!Q10-Control!Q20) -> 0.042309739 | AC2: =ABS(Treated!AB10-Control!AB20) -> 0.042494879 | AD2: =ABS(Treated!AP10-Control!AP20) -> 0.01935045 | AE2: =ABS(Treated!AC10-Control!AC20) -> 0.10904294 | AF2: =ABS(Treated!AU10-Control!AU20) -> 0.038663842 | AG2: =ABS(Treated!K10-Control!K20) -> 0.022084804 | AH2: =ABS(Treated!W10-Control!W20) -> 0.049066759 | AI2: =ABS(Treated!AX10-Control!AX20) -> 0.012394591 | AJ2: =ABS(Treated!S10-Control!S20) -> 0.027855526 | AK2: =ABS(Treated!U10-Control!U20) -> 0.027855526 | AL2: =ABS(Treated!AT10-Control!AT20) -> 0.017979119 | AM2: =ABS(Treated!R10-Control!R20) -> 0.026734455 | AN2: =ABS(Treated!L10-Control!L20) -> 0.014345987 | AO2: =ABS(Treated!AS10-Control!AS20) -> 0.012081814 | AP2: =ABS(Treated!F10-Control!F20) -> 1.1105622 | AQ2: =ABS(Treated!Z10-Control!Z20) -> 0.073421603 | AR2: =ABS(Treated!O10-Control!O20) -> 0.024504571 | AS2: =ABS(Treated!AD10-Control!AD20) -> 0.0048168758 | AT2: =ABS(Treated!AR10-Control!AR20) -> 0.0071067723 | AU2: =ABS(Treated!AO10-Control!AO20) -> 0.0042986562 | AV2: =ABS(Treated!X10-Control!X20) -> 0.00077453666 | AW2: =ABS(Treated!AW10-Control!AW20) -> 0.001792878 | AX2: =ABS(Treated!N10-Control!N20) -> 0.0028592447 | AY2: =ABS(Treated!AA10-Control!AA20) -> 0.00059559215
A3: std1 sqared | B3: =Treated!T11^2 -> 0.0003854003 | C3: =Treated!AI11^2 -> 56.238095 | D3: =Treated!AL11^2 -> 0.0090771463 | E3: =Treated!AN11^2 -> 0.00022666043 | F3: =Treated!AQ11^2 -> 0.00046676886 | G3: =Treated!V11^2 -> 0.0011063666 | H3: =Treated!C11^2 -> 0.00041644792 | I3: =Treated!M11^2 -> 0.0016021479 | J3: =Treated!E11^2 -> 3.6053123 | K3: =Treated!I11^2 -> 7.7729549e-05 | L3: =Treated!H11^2 -> 0.00020989555 | M3: =Treated!AH11^2 -> 6.7724683e-05 | N3: =Treated!AV11^2 -> 0.00066653868 | O3: =Treated!J11^2 -> 0.0003445021 | P3: =Treated!P11^2 -> 0.0011782824 | Q3: =Treated!AK11^2 -> 45.142857 | R3: =Treated!AJ11^2 -> 27.142857 | S3: =Treated!AY11^2 -> 0.00037001433 | T3: =Treated!G11^2 -> 0.00047028785 | U3: =Treated!AF11^2 -> 2.7694127 | V3: =Treated!AG11^2 -> 0.00049027156 | W3: =Treated!B11^2 -> 0.45006874 | X3: =Treated!AM11^2 -> 0.00013521904 | Y3: =Treated!D11^2 -> 4.210977 | Z3: =Treated!Y11^2 -> 0.00034593435 | AA3: =Treated!AE11^2 -> 0.0011305174 | AB3: =Treated!Q11^2 -> 0.0013908186 | AC3: =Treated!AB11^2 -> 0.0015733185 | AD3: =Treated!AP11^2 -> 9.6177023e-05 | AE3: =Treated!AC11^2 -> 0.0097889599 | AF3: =Treated!AU11^2 -> 0.0025861048 | AG3: =Treated!K11^2 -> 0.00041822877 | AH3: =Treated!W11^2 -> 0.0035304018 | AI3: =Treated!AX11^2 -> 0.00034244946 | AJ3: =Treated!S11^2 -> 0.0015413119 | AK3: =Treated!U11^2 -> 0.0015413119 | AL3: =Treated!AT11^2 -> 0.00012012727 | AM3: =Treated!R11^2 -> 0.0011703804 | AN3: =Treated!L11^2 -> 0.0003475925 | AO3: =Treated!AS11^2 -> 4.8634354e-05 | AP3: =Treated!F11^2 -> 4.2328464 | AQ3: =Treated!Z11^2 -> 0.023060906 | AR3: =Treated!O11^2 -> 0.0016910291 | AS3: =Treated!AD11^2 -> 0.00011369829 | AT3: =Treated!AR11^2 -> 0.0011331809 | AU3: =Treated!AO11^2 -> 0.0016777975 | AV3: =Treated!X11^2 -> 3.6887478e-05 | AW3: =Treated!AW11^2 -> 0.00075101358 | AX3: =Treated!N11^2 -> 0.0010617753 | AY3: =Treated!AA11^2 -> 0.00029517536
A4: std2 squared | B4: =Control!T21^2 -> 0.00033860407 | C4: =Control!AI21^2 -> 102.81618 | D4: =Control!AL21^2 -> 0.012809938 | E4: =Control!AN21^2 -> 0.0008742374 | F4: =Control!AQ21^2 -> 0.00073948981 | G4: =Control!V21^2 -> 0.0014164233 | H4: =Control!C21^2 -> 0.00042181648 | I4: =Control!M21^2 -> 0.0022779943 | J4: =Control!E21^2 -> 3.3238943 | K4: =Control!I21^2 -> 0.00012128653 | L4: =Control!H21^2 -> 0.00056238965 | M4: =Control!AH21^2 -> 0.00011777559 | N4: =Control!AV21^2 -> 0.00022046753 | O4: =Control!J21^2 -> 0.000518942 | P4: =Control!P21^2 -> 0.0016226661 | Q4: =Control!AK21^2 -> 46.308824 | R4: =Control!AJ21^2 -> 33.970588 | S4: =Control!AY21^2 -> 0.00020363886 | T4: =Control!G21^2 -> 0.0016402726 | U4: =Control!AF21^2 -> 2.5879723 | V4: =Control!AG21^2 -> 0.001644112 | W4: =Control!B21^2 -> 0.5480287 | X4: =Control!AM21^2 -> 0.00099356633 | Y4: =Control!D21^2 -> 1.6653562 | Z4: =Control!Y21^2 -> 0.00066805922 | AA4: =Control!AE21^2 -> 0.002119495 | AB4: =Control!Q21^2 -> 0.0028178897 | AC4: =Control!AB21^2 -> 0.0028656275 | AD4: =Control!AP21^2 -> 0.00085939716 | AE4: =Control!AC21^2 -> 0.020719163 | AF4: =Control!AU21^2 -> 0.0014154333 | AG4: =Control!K21^2 -> 0.00092659056 | AH4: =Control!W21^2 -> 0.006505094 | AI4: =Control!AX21^2 -> 0.00038645206 | AJ4: =Control!S21^2 -> 0.0023853999 | AK4: =Control!U21^2 -> 0.0023853999 | AL4: =Control!AT21^2 -> 0.0015288011 | AM4: =Control!R21^2 -> 0.0030761346 | AN4: =Control!L21^2 -> 0.00098055654 | AO4: =Control!AS21^2 -> 0.0010340981 | AP4: =Control!F21^2 -> 7.1119253 | AQ4: =Control!Z21^2 -> 0.027029612 | AR4: =Control!O21^2 -> 0.0043690172 | AS4: =Control!AD21^2 -> 0.0004187543 | AT4: =Control!AR21^2 -> 0.0011775273 | AU4: =Control!AO21^2 -> 0.0017007699 | AV4: =Control!X21^2 -> 0.00011315284 | AW4: =Control!AW21^2 -> 0.0011879816 | AX4: =Control!N21^2 -> 0.0089617167 | AY4: =Control!AA21^2 -> 0.00067223069
A5: Separation Score | B5: =B2/SQRT(B3+B4) -> 1.3448274 | C5: =C2/SQRT(C3+C4) -> 1.1513944 | D5: =D2/SQRT(D3+D4) -> 1.1014744 | E5: =E2/SQRT(E3+E4) -> 1.0897277 | F5: =F2/SQRT(F3+F4) -> 1.0599295 | G5: =G2/SQRT(G3+G4) -> 1.0519275 | H5: =H2/SQRT(H3+H4) -> 1.0286605 | I5: =I2/SQRT(I3+I4) -> 1.0036805 | ... AY5: =AY2/SQRT(AY3+AY4) -> 0.019148932
AQ20: Centre | AR20: vca grad | AS20: vca sobel | AT20: vca lapalce | AW20: Edge | AX20: vca grad | AY20: vca sobel
AR21: =ABS(0.0563-0.079) -> 0.0227 | AS21: =0.222-0.148 -> 0.074 | AT21: =0.1388-0.0957 -> 0.0431 | AX21: =0.1047-0.084 -> 0.0207 | AY21: =0.4791-0.3569 -> 0.1222
AR22: =0.0205^2 -> 0.00042025 | AS22: =0.0447^2 -> 0.00199809 | AT22: =0.0368^2 -> 0.00135424 | AX22: =0.023^2 -> 0.000529 | AY22: =0.1408^2 -> 0.01982464
AR23: =0.0181^2 -> 0.00032761 | AS23: =0.0426^2 -> 0.00181476 | AT23: =0.036^2 -> 0.001296 | AX23: =0.028^2 -> 0.000784 | AY23: =0.0708^2 -> 0.00501264
AR24: =AR21/SQRT(AR22+AR23) -> 0.83007189 | AS24: =AS21/SQRT(AS22+AS23) -> 1.198414 | AT24: =AT21/SQRT(AT22+AT23) -> 0.8372105 | AX24: =AX21/SQRT(AX22+AX23) -> 0.57126548 | AY24: =AY21/SQRT(AY22+AY23) -> 0.7753882

Sheet Sheet1
E4: 1.0897277 | F4: 2
E10: 1
G20: Centre Min Linewidth
D21: 1.3448274 | E21: 1.1513944 | F21: 1.1014744 | G21: 1.0897277 | H21: 1.0599295 | I21: 1.0519275 | J21: 1.0286605 | K21: 1.0036805 | L21: 0.98931368 | M21: 0.96249812 | N21: 0.92940607 | O21: 0.92112885 | P21: 0.90096249 | Q21: 0.85845079 | R21: 0.85145516 | S21: 0.84534165 | T21: 0.82340486 | U21: 0.82086855 | V21: 0.79704228 | W21: 0.78773235 | X21: 0.75677806 | Y21: 0.74395038 | Z21: 0.7210466 | AA21: 0.7013022 | AB21: 0.6995071 | AC21: 0.69720559 | AD21: 0.6521777 | AE21: 0.63781784 | AF21: 0.62597769 | AG21: 0.62429495 | AH21: 0.61121153 | AI21: 0.60222887 | AJ21: 0.48979907 | AK21: 0.45908992 | AL21: 0.44452567 | AM21: 0.44452567 | AN21: 0.44275911 | AO21: 0.41025607 | AP21: 0.39364708 | AQ21: 0.36717371 | AR21: 0.32971979 | AS21: 0.32805458 | AT21: 0.31478145 | AU21: 0.20874927 | AV21: 0.14784269 | AW21: 0.073954809 | AX21: 0.063232157 | AY21: 0.040715744 | AZ21: 0.028558922 | BA21: 0.019148932
